{
  "status": "ok",
  "n_predictions": 2398,
  "base_rate_change": 0.097581317764804,
  "predicted_rate_change": 0.15888240200166806,
  "avg_p_change_raw": 0.36460718560362415,
  "avg_p_change": 0.12640300819418554,
  "brier_change_raw": 0.17384870840895647,
  "brier_change": 0.08841804483394676,
  "baseline_brier_change": 0.08805920418808835,
  "accuracy_change": 0.8261050875729775,
  "baseline_accuracy_change": 0.9024186822351961,
  "precision_change": 0.25984251968503935,
  "recall_change": 0.4230769230769231,
  "roc_auc_change_raw": 0.8341884291514606,
  "avg_precision_change_raw": 0.30976131784683214,
  "roc_auc_change": 0.8010707458489343,
  "avg_precision_change": 0.26549662769032994,
  "n_real_changes": 234,
  "brier_same_given_change": 0.24972936612874924,
  "accuracy_same_given_change": 0.6111111111111112,
  "base_rate_same_given_change": 0.36752136752136755,
  "avg_q_same_given_change": 0.3530237541393459
}