{
  "status": "ok",
  "n_predictions": 2398,
  "base_rate_change": 0.11175979983319433,
  "predicted_rate_change": 0.1847372810675563,
  "avg_p_change_raw": 0.3719863011673671,
  "avg_p_change": 0.13529757456948271,
  "brier_change_raw": 0.173143442339645,
  "brier_change": 0.09404479324740206,
  "baseline_brier_change": 0.09926954697443867,
  "accuracy_change": 0.8019182652210175,
  "baseline_accuracy_change": 0.8882402001668057,
  "precision_change": 0.26636568848758463,
  "recall_change": 0.44029850746268656,
  "roc_auc_change_raw": 0.8177282601079109,
  "avg_precision_change_raw": 0.37464524502257945,
  "roc_auc_change": 0.7837485109662952,
  "avg_precision_change": 0.3012548888231563,
  "n_real_changes": 268,
  "brier_same_given_change": 0.25471585784165135,
  "accuracy_same_given_change": 0.6044776119402985,
  "base_rate_same_given_change": 0.3843283582089552,
  "avg_q_same_given_change": 0.3890533005175482
}