{
  "status": "ok",
  "n_predictions": 2398,
  "base_rate_change": 0.10091743119266056,
  "predicted_rate_change": 0.17264386989157632,
  "avg_p_change_raw": 0.3351719045049216,
  "avg_p_change": 0.12912241353008028,
  "brier_change_raw": 0.1637596012506403,
  "brier_change": 0.09316290019969078,
  "baseline_brier_change": 0.09073310327413517,
  "accuracy_change": 0.8156797331109258,
  "baseline_accuracy_change": 0.8990825688073394,
  "precision_change": 0.2584541062801932,
  "recall_change": 0.44214876033057854,
  "roc_auc_change_raw": 0.8159259571597234,
  "avg_precision_change_raw": 0.2821581949689608,
  "roc_auc_change": 0.7903831705484597,
  "avg_precision_change": 0.24268190869124098,
  "n_real_changes": 242,
  "brier_same_given_change": 0.2795208781547998,
  "accuracy_same_given_change": 0.5702479338842975,
  "base_rate_same_given_change": 0.4132231404958678,
  "avg_q_same_given_change": 0.4737973084089797
}